<?xml version="1.0" encoding="UTF-8"?>
<GenRun Id="synth_1" LaunchPart="xc7a100tcsg324-1" LaunchTime="1624925110">
  <File Type="PA-TCL" Name="Decoder4x16.tcl"/>
  <File Type="RDS-PROPCONSTRS" Name="Decoder4x16_drc_synth.rpt"/>
  <File Type="REPORTS-TCL" Name="Decoder4x16_reports.tcl"/>
  <File Type="RDS-RDS" Name="Decoder4x16.vds"/>
  <File Type="RDS-UTIL" Name="Decoder4x16_utilization_synth.rpt"/>
  <File Type="RDS-UTIL-PB" Name="Decoder4x16_utilization_synth.pb"/>
  <File Type="RDS-DCP" Name="Decoder4x16.dcp"/>
  <File Type="VDS-TIMINGSUMMARY" Name="Decoder4x16_timing_summary_synth.rpt"/>
  <File Type="VDS-TIMING-PB" Name="Decoder4x16_timing_summary_synth.pb"/>
  <FileSet Name="sources" Type="DesignSrcs" RelSrcDir="$PSRCDIR/sources_1">
    <Filter Type="Srcs"/>
    <File Path="$PSRCDIR/sources_1/new/Decoder4x16.v">
      <FileInfo>
        <Attr Name="ImportPath" Val="$PPRDIR/../ECE3300Lab2.srcs/sources_1/new/Decoder4x16.v"/>
        <Attr Name="ImportTime" Val="1624904908"/>
        <Attr Name="UsedIn" Val="synthesis"/>
        <Attr Name="UsedIn" Val="implementation"/>
        <Attr Name="UsedIn" Val="simulation"/>
      </FileInfo>
    </File>
    <Config>
      <Option Name="DesignMode" Val="RTL"/>
      <Option Name="TopModule" Val="Decoder4x16"/>
      <Option Name="TopAutoSet" Val="TRUE"/>
    </Config>
  </FileSet>
  <FileSet Name="constrs_in" Type="Constrs" RelSrcDir="$PSRCDIR/constrs_1">
    <Filter Type="Constrs"/>
    <File Path="$PSRCDIR/constrs_1/new/nexysa7.xdc">
      <FileInfo>
        <Attr Name="ImportPath" Val="$PPRDIR/../ECE3300Lab2.srcs/constrs_1/new/nexysa7.xdc"/>
        <Attr Name="ImportTime" Val="1624924717"/>
        <Attr Name="UsedIn" Val="synthesis"/>
        <Attr Name="UsedIn" Val="implementation"/>
      </FileInfo>
    </File>
    <Config>
      <Option Name="ConstrsType" Val="XDC"/>
    </Config>
  </FileSet>
  <FileSet Name="utils" Type="Utils" RelSrcDir="$PSRCDIR/utils_1">
    <Filter Type="Utils"/>
    <Config>
      <Option Name="TopAutoSet" Val="TRUE"/>
    </Config>
  </FileSet>
  <Strategy Version="1" Minor="2">
    <StratHandle Name="Vivado Synthesis Defaults" Flow="Vivado Synthesis 2019"/>
    <Step Id="synth_design"/>
  </Strategy>
</GenRun>
