<?xml version="1.0" encoding="UTF-8"?>
<GenRun Id="impl_1" LaunchPart="xc7a100tcsg324-1" LaunchTime="1627354330">
  <File Type="ROUTE-BUS-SKEW" Name="Lab05_bus_skew_routed.rpt"/>
  <File Type="PA-DCP" Name="Lab05.dcp"/>
  <File Type="OPT-HWDEF" Name="Lab05.hwdef"/>
  <File Type="ROUTE-PWR" Name="Lab05_power_routed.rpt"/>
  <File Type="PA-TCL" Name="Lab05.tcl"/>
  <File Type="BITSTR-BMM" Name="Lab05_bd.bmm"/>
  <File Type="OPT-DCP" Name="Lab05_opt.dcp"/>
  <File Type="REPORTS-TCL" Name="Lab05_reports.tcl"/>
  <File Type="ROUTE-PWR-SUM" Name="Lab05_power_summary_routed.pb"/>
  <File Type="OPT-DRC" Name="Lab05_drc_opted.rpt"/>
  <File Type="PWROPT-DCP" Name="Lab05_pwropt.dcp"/>
  <File Type="PLACE-DCP" Name="Lab05_placed.dcp"/>
  <File Type="PLACE-IO" Name="Lab05_io_placed.rpt"/>
  <File Type="PLACE-UTIL" Name="Lab05_utilization_placed.rpt"/>
  <File Type="PLACE-UTIL-PB" Name="Lab05_utilization_placed.pb"/>
  <File Type="PLACE-CTRL" Name="Lab05_control_sets_placed.rpt"/>
  <File Type="PLACE-PRE-SIMILARITY" Name="Lab05_incremental_reuse_pre_placed.rpt"/>
  <File Type="POSTPLACE-PWROPT-DCP" Name="Lab05_postplace_pwropt.dcp"/>
  <File Type="BG-BIN" Name="Lab05.bin"/>
  <File Type="PHYSOPT-DCP" Name="Lab05_physopt.dcp"/>
  <File Type="BITSTR-MSK" Name="Lab05.msk"/>
  <File Type="ROUTE-ERROR-DCP" Name="Lab05_routed_error.dcp"/>
  <File Type="ROUTE-DCP" Name="Lab05_routed.dcp"/>
  <File Type="ROUTE-BLACKBOX-DCP" Name="Lab05_routed_bb.dcp"/>
  <File Type="ROUTE-DRC" Name="Lab05_drc_routed.rpt"/>
  <File Type="ROUTE-DRC-PB" Name="Lab05_drc_routed.pb"/>
  <File Type="ROUTE-DRC-RPX" Name="Lab05_drc_routed.rpx"/>
  <File Type="ROUTE-METHODOLOGY-DRC" Name="Lab05_methodology_drc_routed.rpt"/>
  <File Type="BITSTR-MMI" Name="Lab05.mmi"/>
  <File Type="ROUTE-METHODOLOGY-DRC-RPX" Name="Lab05_methodology_drc_routed.rpx"/>
  <File Type="ROUTE-METHODOLOGY-DRC-PB" Name="Lab05_methodology_drc_routed.pb"/>
  <File Type="ROUTE-PWR-RPX" Name="Lab05_power_routed.rpx"/>
  <File Type="ROUTE-STATUS" Name="Lab05_route_status.rpt"/>
  <File Type="ROUTE-STATUS-PB" Name="Lab05_route_status.pb"/>
  <File Type="ROUTE-TIMINGSUMMARY" Name="Lab05_timing_summary_routed.rpt"/>
  <File Type="ROUTE-TIMING-PB" Name="Lab05_timing_summary_routed.pb"/>
  <File Type="ROUTE-TIMING-RPX" Name="Lab05_timing_summary_routed.rpx"/>
  <File Type="ROUTE-CLK" Name="Lab05_clock_utilization_routed.rpt"/>
  <File Type="ROUTE-BUS-SKEW-PB" Name="Lab05_bus_skew_routed.pb"/>
  <File Type="ROUTE-BUS-SKEW-RPX" Name="Lab05_bus_skew_routed.rpx"/>
  <File Type="POSTROUTE-PHYSOPT-DCP" Name="Lab05_postroute_physopt.dcp"/>
  <File Type="POSTROUTE-PHYSOPT-BLACKBOX-DCP" Name="Lab05_postroute_physopt_bb.dcp"/>
  <File Type="BG-BIT" Name="Lab05.bit"/>
  <File Type="BITSTR-RBT" Name="Lab05.rbt"/>
  <File Type="BITSTR-NKY" Name="Lab05.nky"/>
  <File Type="PDI-FILE" Name="Lab05.pdi"/>
  <File Type="RCFI_FILE" Name="Lab05.rcfi"/>
  <File Type="CFI_FILE" Name="Lab05.cfi"/>
  <File Type="RNPI_FILE" Name="Lab05.rnpi"/>
  <File Type="NPI_FILE" Name="Lab05.npi"/>
  <File Type="RBD_FILE" Name="Lab05.rbd"/>
  <File Type="BITSTR-LTX" Name="Lab05.ltx"/>
  <File Type="BITSTR-SYSDEF" Name="Lab05.sysdef"/>
  <File Type="BG-BGN" Name="Lab05.bgn"/>
  <File Type="BG-DRC" Name="Lab05.drc"/>
  <File Type="RDI-RDI" Name="Lab05.vdi"/>
  <File Type="WBT-USG" Name="usage_statistics_webtalk.html"/>
  <FileSet Name="sources" Type="DesignSrcs" RelSrcDir="$PSRCDIR/sources_1">
    <Filter Type="Srcs"/>
    <File Path="$PSRCDIR/sources_1/new/Lab05.v">
      <FileInfo>
        <Attr Name="ImportPath" Val="$PPRDIR/../ECE3300_Lab5/ECE3300_Lab5.srcs/sources_1/new/Lab05.v"/>
        <Attr Name="ImportTime" Val="1627353537"/>
        <Attr Name="UsedIn" Val="synthesis"/>
        <Attr Name="UsedIn" Val="implementation"/>
        <Attr Name="UsedIn" Val="simulation"/>
      </FileInfo>
    </File>
    <Config>
      <Option Name="DesignMode" Val="RTL"/>
      <Option Name="TopModule" Val="Lab05"/>
      <Option Name="TopAutoSet" Val="TRUE"/>
    </Config>
  </FileSet>
  <FileSet Name="constrs_in" Type="Constrs" RelSrcDir="$PSRCDIR/constrs_1">
    <Filter Type="Constrs"/>
    <File Path="$PSRCDIR/constrs_1/new/lab05xdc.xdc">
      <FileInfo>
        <Attr Name="ImportPath" Val="$PPRDIR/../ECE3300_Lab5/ECE3300_Lab5.srcs/constrs_1/new/lab05xdc.xdc"/>
        <Attr Name="ImportTime" Val="1627353633"/>
        <Attr Name="UsedIn" Val="synthesis"/>
        <Attr Name="UsedIn" Val="implementation"/>
      </FileInfo>
    </File>
    <Config>
      <Option Name="ConstrsType" Val="XDC"/>
    </Config>
  </FileSet>
  <FileSet Name="utils" Type="Utils" RelSrcDir="$PSRCDIR/utils_1">
    <Filter Type="Utils"/>
    <Config>
      <Option Name="TopAutoSet" Val="TRUE"/>
    </Config>
  </FileSet>
  <Strategy Version="1" Minor="2">
    <StratHandle Name="Vivado Implementation Defaults" Flow="Vivado Implementation 2019"/>
    <Step Id="init_design"/>
    <Step Id="opt_design"/>
    <Step Id="power_opt_design"/>
    <Step Id="place_design"/>
    <Step Id="post_place_power_opt_design"/>
    <Step Id="phys_opt_design" EnableStepBool="1"/>
    <Step Id="route_design"/>
    <Step Id="post_route_phys_opt_design"/>
    <Step Id="write_bitstream"/>
    <Step Id="write_device_image"/>
  </Strategy>
</GenRun>
