<?xml version="1.0" encoding="UTF-8"?>
<GenRun Id="synth_1" LaunchPart="xc7a100tcsg324-1" LaunchTime="1625550526">
  <File Type="PA-TCL" Name="ECE3300Lab3.tcl"/>
  <File Type="RDS-PROPCONSTRS" Name="ECE3300Lab3_drc_synth.rpt"/>
  <File Type="REPORTS-TCL" Name="ECE3300Lab3_reports.tcl"/>
  <File Type="RDS-RDS" Name="ECE3300Lab3.vds"/>
  <File Type="RDS-UTIL" Name="ECE3300Lab3_utilization_synth.rpt"/>
  <File Type="RDS-UTIL-PB" Name="ECE3300Lab3_utilization_synth.pb"/>
  <File Type="RDS-DCP" Name="ECE3300Lab3.dcp"/>
  <File Type="VDS-TIMINGSUMMARY" Name="ECE3300Lab3_timing_summary_synth.rpt"/>
  <File Type="VDS-TIMING-PB" Name="ECE3300Lab3_timing_summary_synth.pb"/>
  <FileSet Name="sources" Type="DesignSrcs" RelSrcDir="$PSRCDIR/sources_1">
    <Filter Type="Srcs"/>
    <File Path="$PSRCDIR/sources_1/new/AdderRegister.v">
      <FileInfo>
        <Attr Name="ImportPath" Val="$PPRDIR/../../Lab3/ECE3300Lab3.srcs/sources_1/new/AdderRegister.v"/>
        <Attr Name="ImportTime" Val="1625546776"/>
        <Attr Name="UsedIn" Val="synthesis"/>
        <Attr Name="UsedIn" Val="implementation"/>
        <Attr Name="UsedIn" Val="simulation"/>
      </FileInfo>
    </File>
    <File Path="$PSRCDIR/sources_1/new/Demux1x2.v">
      <FileInfo>
        <Attr Name="ImportPath" Val="$PPRDIR/../../Lab3/ECE3300Lab3.srcs/sources_1/new/Demux1x2.v"/>
        <Attr Name="ImportTime" Val="1625547579"/>
        <Attr Name="UsedIn" Val="synthesis"/>
        <Attr Name="UsedIn" Val="implementation"/>
        <Attr Name="UsedIn" Val="simulation"/>
      </FileInfo>
    </File>
    <File Path="$PSRCDIR/sources_1/new/FullAdder1b.v">
      <FileInfo>
        <Attr Name="ImportPath" Val="$PPRDIR/../../Lab3/ECE3300Lab3.srcs/sources_1/new/FullAdder1b.v"/>
        <Attr Name="ImportTime" Val="1625549113"/>
        <Attr Name="UsedIn" Val="synthesis"/>
        <Attr Name="UsedIn" Val="implementation"/>
        <Attr Name="UsedIn" Val="simulation"/>
      </FileInfo>
    </File>
    <File Path="$PSRCDIR/sources_1/new/FullAdderNbit.v">
      <FileInfo>
        <Attr Name="ImportPath" Val="$PPRDIR/../../Lab3/ECE3300Lab3.srcs/sources_1/new/FullAdderNbit.v"/>
        <Attr Name="ImportTime" Val="1625546860"/>
        <Attr Name="UsedIn" Val="synthesis"/>
        <Attr Name="UsedIn" Val="implementation"/>
        <Attr Name="UsedIn" Val="simulation"/>
      </FileInfo>
    </File>
    <File Path="$PSRCDIR/sources_1/new/ECE3300Lab3.v">
      <FileInfo>
        <Attr Name="ImportPath" Val="$PPRDIR/../../Lab3/ECE3300Lab3.srcs/sources_1/new/ECE3300Lab3.v"/>
        <Attr Name="ImportTime" Val="1625548938"/>
        <Attr Name="UsedIn" Val="synthesis"/>
        <Attr Name="UsedIn" Val="implementation"/>
        <Attr Name="UsedIn" Val="simulation"/>
      </FileInfo>
    </File>
    <Config>
      <Option Name="DesignMode" Val="RTL"/>
      <Option Name="TopModule" Val="ECE3300Lab3"/>
    </Config>
  </FileSet>
  <FileSet Name="constrs_in" Type="Constrs" RelSrcDir="$PSRCDIR/constrs_1">
    <Filter Type="Constrs"/>
    <File Path="$PSRCDIR/constrs_1/new/nexysa7.xdc">
      <FileInfo>
        <Attr Name="ImportPath" Val="$PPRDIR/../../Lab3/ECE3300Lab3.srcs/constrs_1/new/nexysa7.xdc"/>
        <Attr Name="ImportTime" Val="1625539627"/>
        <Attr Name="UsedIn" Val="synthesis"/>
        <Attr Name="UsedIn" Val="implementation"/>
      </FileInfo>
    </File>
    <Config>
      <Option Name="ConstrsType" Val="XDC"/>
    </Config>
  </FileSet>
  <FileSet Name="utils" Type="Utils" RelSrcDir="$PSRCDIR/utils_1">
    <Filter Type="Utils"/>
    <Config>
      <Option Name="TopAutoSet" Val="TRUE"/>
    </Config>
  </FileSet>
  <Strategy Version="1" Minor="2">
    <StratHandle Name="Vivado Synthesis Defaults" Flow="Vivado Synthesis 2019"/>
    <Step Id="synth_design"/>
  </Strategy>
</GenRun>
