<?xml version="1.0" encoding="UTF-8"?>
<GenRun Id="impl_1" LaunchPart="xc7a100tcsg324-1" LaunchTime="1624336342">
  <File Type="OPT-HWDEF" Name="mux21_top.hwdef"/>
  <File Type="ROUTE-BUS-SKEW" Name="mux21_top_bus_skew_routed.rpt"/>
  <File Type="PA-DCP" Name="mux21_top.dcp"/>
  <File Type="BITSTR-BMM" Name="mux21_top_bd.bmm"/>
  <File Type="OPT-METHODOLOGY-DRC" Name="mux21_top_methodology_drc_opted.rpt"/>
  <File Type="INIT-TIMING" Name="mux21_top_timing_summary_init.rpt"/>
  <File Type="ROUTE-PWR" Name="mux21_top_power_routed.rpt"/>
  <File Type="PA-TCL" Name="mux21_top.tcl"/>
  <File Type="OPT-TIMING" Name="mux21_top_timing_summary_opted.rpt"/>
  <File Type="OPT-DCP" Name="mux21_top_opt.dcp"/>
  <File Type="ROUTE-PWR-SUM" Name="mux21_top_power_summary_routed.pb"/>
  <File Type="REPORTS-TCL" Name="mux21_top_reports.tcl"/>
  <File Type="OPT-DRC" Name="mux21_top_drc_opted.rpt"/>
  <File Type="PWROPT-DCP" Name="mux21_top_pwropt.dcp"/>
  <File Type="PWROPT-DRC" Name="mux21_top_drc_pwropted.rpt"/>
  <File Type="PWROPT-TIMING" Name="mux21_top_timing_summary_pwropted.rpt"/>
  <File Type="PLACE-DCP" Name="mux21_top_placed.dcp"/>
  <File Type="PLACE-IO" Name="mux21_top_io_placed.rpt"/>
  <File Type="PLACE-CLK" Name="mux21_top_clock_utilization_placed.rpt"/>
  <File Type="PLACE-UTIL" Name="mux21_top_utilization_placed.rpt"/>
  <File Type="PLACE-UTIL-PB" Name="mux21_top_utilization_placed.pb"/>
  <File Type="PLACE-CTRL" Name="mux21_top_control_sets_placed.rpt"/>
  <File Type="PLACE-SIMILARITY" Name="mux21_top_incremental_reuse_placed.rpt"/>
  <File Type="PLACE-PRE-SIMILARITY" Name="mux21_top_incremental_reuse_pre_placed.rpt"/>
  <File Type="PLACE-TIMING" Name="mux21_top_timing_summary_placed.rpt"/>
  <File Type="POSTPLACE-PWROPT-DCP" Name="mux21_top_postplace_pwropt.dcp"/>
  <File Type="BG-BIN" Name="mux21_top.bin"/>
  <File Type="POSTPLACE-PWROPT-TIMING" Name="mux21_top_timing_summary_postplace_pwropted.rpt"/>
  <File Type="PHYSOPT-DCP" Name="mux21_top_physopt.dcp"/>
  <File Type="PHYSOPT-DRC" Name="mux21_top_drc_physopted.rpt"/>
  <File Type="BITSTR-MSK" Name="mux21_top.msk"/>
  <File Type="PHYSOPT-TIMING" Name="mux21_top_timing_summary_physopted.rpt"/>
  <File Type="ROUTE-ERROR-DCP" Name="mux21_top_routed_error.dcp"/>
  <File Type="ROUTE-DCP" Name="mux21_top_routed.dcp"/>
  <File Type="ROUTE-BLACKBOX-DCP" Name="mux21_top_routed_bb.dcp"/>
  <File Type="ROUTE-DRC" Name="mux21_top_drc_routed.rpt"/>
  <File Type="ROUTE-DRC-PB" Name="mux21_top_drc_routed.pb"/>
  <File Type="ROUTE-DRC-RPX" Name="mux21_top_drc_routed.rpx"/>
  <File Type="BITSTR-MMI" Name="mux21_top.mmi"/>
  <File Type="ROUTE-METHODOLOGY-DRC" Name="mux21_top_methodology_drc_routed.rpt"/>
  <File Type="ROUTE-METHODOLOGY-DRC-RPX" Name="mux21_top_methodology_drc_routed.rpx"/>
  <File Type="ROUTE-METHODOLOGY-DRC-PB" Name="mux21_top_methodology_drc_routed.pb"/>
  <File Type="ROUTE-PWR-RPX" Name="mux21_top_power_routed.rpx"/>
  <File Type="ROUTE-STATUS" Name="mux21_top_route_status.rpt"/>
  <File Type="ROUTE-STATUS-PB" Name="mux21_top_route_status.pb"/>
  <File Type="ROUTE-TIMINGSUMMARY" Name="mux21_top_timing_summary_routed.rpt"/>
  <File Type="ROUTE-TIMING-PB" Name="mux21_top_timing_summary_routed.pb"/>
  <File Type="ROUTE-TIMING-RPX" Name="mux21_top_timing_summary_routed.rpx"/>
  <File Type="ROUTE-SIMILARITY" Name="mux21_top_incremental_reuse_routed.rpt"/>
  <File Type="ROUTE-CLK" Name="mux21_top_clock_utilization_routed.rpt"/>
  <File Type="ROUTE-BUS-SKEW-PB" Name="mux21_top_bus_skew_routed.pb"/>
  <File Type="ROUTE-BUS-SKEW-RPX" Name="mux21_top_bus_skew_routed.rpx"/>
  <File Type="POSTROUTE-PHYSOPT-DCP" Name="mux21_top_postroute_physopt.dcp"/>
  <File Type="POSTROUTE-PHYSOPT-BLACKBOX-DCP" Name="mux21_top_postroute_physopt_bb.dcp"/>
  <File Type="POSTROUTE-PHYSOPT-TIMING" Name="mux21_top_timing_summary_postroute_physopted.rpt"/>
  <File Type="POSTROUTE-PHYSOPT-TIMING-PB" Name="mux21_top_timing_summary_postroute_physopted.pb"/>
  <File Type="POSTROUTE-PHYSOPT-TIMING-RPX" Name="mux21_top_timing_summary_postroute_physopted.rpx"/>
  <File Type="POSTROUTE-PHYSOPT-BUS-SKEW" Name="mux21_top_bus_skew_postroute_physopted.rpt"/>
  <File Type="POSTROUTE-PHYSOPT-BUS-SKEW-PB" Name="mux21_top_bus_skew_postroute_physopted.pb"/>
  <File Type="BG-BIT" Name="mux21_top.bit"/>
  <File Type="POSTROUTE-PHYSOPT-BUS-SKEW-RPX" Name="mux21_top_bus_skew_postroute_physopted.rpx"/>
  <File Type="BITSTR-RBT" Name="mux21_top.rbt"/>
  <File Type="BITSTR-NKY" Name="mux21_top.nky"/>
  <File Type="PDI-FILE" Name="mux21_top.pdi"/>
  <File Type="RCFI_FILE" Name="mux21_top.rcfi"/>
  <File Type="CFI_FILE" Name="mux21_top.cfi"/>
  <File Type="RNPI_FILE" Name="mux21_top.rnpi"/>
  <File Type="NPI_FILE" Name="mux21_top.npi"/>
  <File Type="RBD_FILE" Name="mux21_top.rbd"/>
  <File Type="BITSTR-LTX" Name="debug_nets.ltx"/>
  <File Type="BITSTR-LTX" Name="mux21_top.ltx"/>
  <File Type="BITSTR-SYSDEF" Name="mux21_top.sysdef"/>
  <File Type="BG-BGN" Name="mux21_top.bgn"/>
  <File Type="BG-DRC" Name="mux21_top.drc"/>
  <File Type="RDI-RDI" Name="mux21_top.vdi"/>
  <File Type="WBT-USG" Name="usage_statistics_webtalk.html"/>
  <FileSet Name="sources" Type="DesignSrcs" RelSrcDir="$PSRCDIR/sources_1">
    <Filter Type="Srcs"/>
    <File Path="$PSRCDIR/sources_1/new/mux_21.v">
      <FileInfo>
        <Attr Name="ImportPath" Val="$PPRDIR/../ECE3300_21_21_Lab1/ECE3300_21_21_Lab1.srcs/sources_1/new/mux_21.v"/>
        <Attr Name="ImportTime" Val="1624318788"/>
        <Attr Name="UsedIn" Val="synthesis"/>
        <Attr Name="UsedIn" Val="implementation"/>
        <Attr Name="UsedIn" Val="simulation"/>
      </FileInfo>
    </File>
    <File Path="$PSRCDIR/sources_1/new/mux21_top.v">
      <FileInfo>
        <Attr Name="ImportPath" Val="$PPRDIR/../project_2/project_2.srcs/sources_1/new/mux21_top.v"/>
        <Attr Name="ImportTime" Val="1624333264"/>
        <Attr Name="UsedIn" Val="synthesis"/>
        <Attr Name="UsedIn" Val="implementation"/>
        <Attr Name="UsedIn" Val="simulation"/>
      </FileInfo>
    </File>
    <File Path="$PSRCDIR/sources_1/new/or_gate.v">
      <FileInfo>
        <Attr Name="UserDisabled" Val="1"/>
        <Attr Name="ImportPath" Val="$PPRDIR/../ECE3300_21_21_Lab1/ECE3300_21_21_Lab1.srcs/sources_1/new/or_gate.v"/>
        <Attr Name="ImportTime" Val="1624270661"/>
        <Attr Name="UsedIn" Val="synthesis"/>
        <Attr Name="UsedIn" Val="implementation"/>
        <Attr Name="UsedIn" Val="simulation"/>
      </FileInfo>
    </File>
    <File Path="$PSRCDIR/sources_1/new/and_gate.v">
      <FileInfo>
        <Attr Name="UserDisabled" Val="1"/>
        <Attr Name="ImportPath" Val="$PPRDIR/../ECE3300_21_21_Lab1/ECE3300_21_21_Lab1.srcs/sources_1/new/and_gate.v"/>
        <Attr Name="ImportTime" Val="1624273410"/>
        <Attr Name="UsedIn" Val="synthesis"/>
        <Attr Name="UsedIn" Val="implementation"/>
        <Attr Name="UsedIn" Val="simulation"/>
      </FileInfo>
    </File>
    <File Path="$PSRCDIR/sources_1/new/and_gate2.v">
      <FileInfo>
        <Attr Name="UserDisabled" Val="1"/>
        <Attr Name="ImportPath" Val="$PPRDIR/../ECE3300_21_21_Lab1/ECE3300_21_21_Lab1.srcs/sources_1/new/and_gate2.v"/>
        <Attr Name="ImportTime" Val="1624301379"/>
        <Attr Name="UsedIn" Val="synthesis"/>
        <Attr Name="UsedIn" Val="implementation"/>
        <Attr Name="UsedIn" Val="simulation"/>
      </FileInfo>
    </File>
    <File Path="$PSRCDIR/sources_1/new/Not_gate.v">
      <FileInfo>
        <Attr Name="UserDisabled" Val="1"/>
        <Attr Name="ImportPath" Val="$PPRDIR/../ECE3300_21_21_Lab1/ECE3300_21_21_Lab1.srcs/sources_1/new/Not_gate.v"/>
        <Attr Name="ImportTime" Val="1624270810"/>
        <Attr Name="UsedIn" Val="synthesis"/>
        <Attr Name="UsedIn" Val="implementation"/>
        <Attr Name="UsedIn" Val="simulation"/>
      </FileInfo>
    </File>
    <Config>
      <Option Name="DesignMode" Val="RTL"/>
      <Option Name="TopModule" Val="mux21_top"/>
      <Option Name="TopAutoSet" Val="TRUE"/>
    </Config>
  </FileSet>
  <FileSet Name="constrs_in" Type="Constrs" RelSrcDir="$PSRCDIR/constrs_1">
    <Filter Type="Constrs"/>
    <File Path="$PSRCDIR/constrs_1/new/multiplexer_xdc.xdc">
      <FileInfo>
        <Attr Name="ImportPath" Val="$PPRDIR/../ECE3300_21_21_Lab1/ECE3300_21_21_Lab1.srcs/constrs_1/new/multiplexer_xdc.xdc"/>
        <Attr Name="ImportTime" Val="1624314605"/>
        <Attr Name="UsedIn" Val="synthesis"/>
        <Attr Name="UsedIn" Val="implementation"/>
      </FileInfo>
    </File>
    <Config>
      <Option Name="TargetConstrsFile" Val="$PSRCDIR/constrs_1/new/multiplexer_xdc.xdc"/>
      <Option Name="ConstrsType" Val="XDC"/>
    </Config>
  </FileSet>
  <FileSet Name="utils" Type="Utils" RelSrcDir="$PSRCDIR/utils_1">
    <Filter Type="Utils"/>
    <Config>
      <Option Name="TopAutoSet" Val="TRUE"/>
    </Config>
  </FileSet>
  <Strategy Version="1" Minor="2">
    <StratHandle Name="Vivado Implementation Defaults" Flow="Vivado Implementation 2019"/>
    <Step Id="init_design"/>
    <Step Id="opt_design"/>
    <Step Id="power_opt_design"/>
    <Step Id="place_design"/>
    <Step Id="post_place_power_opt_design"/>
    <Step Id="phys_opt_design" EnableStepBool="1"/>
    <Step Id="route_design"/>
    <Step Id="post_route_phys_opt_design"/>
    <Step Id="write_bitstream"/>
  </Strategy>
</GenRun>
