<?xml version="1.0" encoding="UTF-8"?>
<GenRun Id="synth_1" LaunchPart="xc7a100tcsg324-1" LaunchTime="1627354188">
  <File Type="PA-TCL" Name="Lab05.tcl"/>
  <File Type="REPORTS-TCL" Name="Lab05_reports.tcl"/>
  <File Type="RDS-RDS" Name="Lab05.vds"/>
  <File Type="RDS-UTIL" Name="Lab05_utilization_synth.rpt"/>
  <File Type="RDS-UTIL-PB" Name="Lab05_utilization_synth.pb"/>
  <File Type="RDS-DCP" Name="Lab05.dcp"/>
  <FileSet Name="sources" Type="DesignSrcs" RelSrcDir="$PSRCDIR/sources_1">
    <Filter Type="Srcs"/>
    <File Path="$PSRCDIR/sources_1/new/Lab05.v">
      <FileInfo>
        <Attr Name="ImportPath" Val="$PPRDIR/../ECE3300_Lab5/ECE3300_Lab5.srcs/sources_1/new/Lab05.v"/>
        <Attr Name="ImportTime" Val="1627353537"/>
        <Attr Name="UsedIn" Val="synthesis"/>
        <Attr Name="UsedIn" Val="implementation"/>
        <Attr Name="UsedIn" Val="simulation"/>
      </FileInfo>
    </File>
    <Config>
      <Option Name="DesignMode" Val="RTL"/>
      <Option Name="TopModule" Val="Lab05"/>
      <Option Name="TopAutoSet" Val="TRUE"/>
    </Config>
  </FileSet>
  <FileSet Name="constrs_in" Type="Constrs" RelSrcDir="$PSRCDIR/constrs_1">
    <Filter Type="Constrs"/>
    <File Path="$PSRCDIR/constrs_1/new/lab05xdc.xdc">
      <FileInfo>
        <Attr Name="ImportPath" Val="$PPRDIR/../ECE3300_Lab5/ECE3300_Lab5.srcs/constrs_1/new/lab05xdc.xdc"/>
        <Attr Name="ImportTime" Val="1627353633"/>
        <Attr Name="UsedIn" Val="synthesis"/>
        <Attr Name="UsedIn" Val="implementation"/>
      </FileInfo>
    </File>
    <Config>
      <Option Name="ConstrsType" Val="XDC"/>
    </Config>
  </FileSet>
  <FileSet Name="utils" Type="Utils" RelSrcDir="$PSRCDIR/utils_1">
    <Filter Type="Utils"/>
    <Config>
      <Option Name="TopAutoSet" Val="TRUE"/>
    </Config>
  </FileSet>
  <Strategy Version="1" Minor="2">
    <StratHandle Name="Vivado Synthesis Defaults" Flow="Vivado Synthesis 2019"/>
    <Step Id="synth_design"/>
  </Strategy>
</GenRun>
