<?xml version="1.0" encoding="UTF-8"?>
<GenRun Id="impl_1" LaunchPart="xc7a100tcsg324-1" LaunchTime="1625550526">
  <File Type="BITSTR-BMM" Name="ECE3300Lab3_bd.bmm"/>
  <File Type="OPT-METHODOLOGY-DRC" Name="ECE3300Lab3_methodology_drc_opted.rpt"/>
  <File Type="INIT-TIMING" Name="ECE3300Lab3_timing_summary_init.rpt"/>
  <File Type="ROUTE-PWR" Name="ECE3300Lab3_power_routed.rpt"/>
  <File Type="PA-TCL" Name="ECE3300Lab3.tcl"/>
  <File Type="OPT-TIMING" Name="ECE3300Lab3_timing_summary_opted.rpt"/>
  <File Type="OPT-DCP" Name="ECE3300Lab3_opt.dcp"/>
  <File Type="ROUTE-PWR-SUM" Name="ECE3300Lab3_power_summary_routed.pb"/>
  <File Type="REPORTS-TCL" Name="ECE3300Lab3_reports.tcl"/>
  <File Type="OPT-DRC" Name="ECE3300Lab3_drc_opted.rpt"/>
  <File Type="OPT-HWDEF" Name="ECE3300Lab3.hwdef"/>
  <File Type="PWROPT-DCP" Name="ECE3300Lab3_pwropt.dcp"/>
  <File Type="PWROPT-DRC" Name="ECE3300Lab3_drc_pwropted.rpt"/>
  <File Type="PWROPT-TIMING" Name="ECE3300Lab3_timing_summary_pwropted.rpt"/>
  <File Type="PLACE-DCP" Name="ECE3300Lab3_placed.dcp"/>
  <File Type="PLACE-IO" Name="ECE3300Lab3_io_placed.rpt"/>
  <File Type="PLACE-CLK" Name="ECE3300Lab3_clock_utilization_placed.rpt"/>
  <File Type="PLACE-UTIL" Name="ECE3300Lab3_utilization_placed.rpt"/>
  <File Type="PLACE-UTIL-PB" Name="ECE3300Lab3_utilization_placed.pb"/>
  <File Type="PLACE-CTRL" Name="ECE3300Lab3_control_sets_placed.rpt"/>
  <File Type="PLACE-SIMILARITY" Name="ECE3300Lab3_incremental_reuse_placed.rpt"/>
  <File Type="PLACE-PRE-SIMILARITY" Name="ECE3300Lab3_incremental_reuse_pre_placed.rpt"/>
  <File Type="PLACE-TIMING" Name="ECE3300Lab3_timing_summary_placed.rpt"/>
  <File Type="POSTPLACE-PWROPT-DCP" Name="ECE3300Lab3_postplace_pwropt.dcp"/>
  <File Type="BG-BIN" Name="ECE3300Lab3.bin"/>
  <File Type="POSTPLACE-PWROPT-TIMING" Name="ECE3300Lab3_timing_summary_postplace_pwropted.rpt"/>
  <File Type="PHYSOPT-DCP" Name="ECE3300Lab3_physopt.dcp"/>
  <File Type="PHYSOPT-DRC" Name="ECE3300Lab3_drc_physopted.rpt"/>
  <File Type="BITSTR-MSK" Name="ECE3300Lab3.msk"/>
  <File Type="PHYSOPT-TIMING" Name="ECE3300Lab3_timing_summary_physopted.rpt"/>
  <File Type="ROUTE-ERROR-DCP" Name="ECE3300Lab3_routed_error.dcp"/>
  <File Type="ROUTE-DCP" Name="ECE3300Lab3_routed.dcp"/>
  <File Type="ROUTE-BLACKBOX-DCP" Name="ECE3300Lab3_routed_bb.dcp"/>
  <File Type="ROUTE-DRC" Name="ECE3300Lab3_drc_routed.rpt"/>
  <File Type="ROUTE-DRC-PB" Name="ECE3300Lab3_drc_routed.pb"/>
  <File Type="ROUTE-DRC-RPX" Name="ECE3300Lab3_drc_routed.rpx"/>
  <File Type="BITSTR-MMI" Name="ECE3300Lab3.mmi"/>
  <File Type="ROUTE-METHODOLOGY-DRC" Name="ECE3300Lab3_methodology_drc_routed.rpt"/>
  <File Type="ROUTE-METHODOLOGY-DRC-RPX" Name="ECE3300Lab3_methodology_drc_routed.rpx"/>
  <File Type="ROUTE-METHODOLOGY-DRC-PB" Name="ECE3300Lab3_methodology_drc_routed.pb"/>
  <File Type="ROUTE-PWR-RPX" Name="ECE3300Lab3_power_routed.rpx"/>
  <File Type="ROUTE-STATUS" Name="ECE3300Lab3_route_status.rpt"/>
  <File Type="ROUTE-STATUS-PB" Name="ECE3300Lab3_route_status.pb"/>
  <File Type="ROUTE-TIMINGSUMMARY" Name="ECE3300Lab3_timing_summary_routed.rpt"/>
  <File Type="ROUTE-TIMING-PB" Name="ECE3300Lab3_timing_summary_routed.pb"/>
  <File Type="ROUTE-TIMING-RPX" Name="ECE3300Lab3_timing_summary_routed.rpx"/>
  <File Type="ROUTE-SIMILARITY" Name="ECE3300Lab3_incremental_reuse_routed.rpt"/>
  <File Type="ROUTE-CLK" Name="ECE3300Lab3_clock_utilization_routed.rpt"/>
  <File Type="ROUTE-BUS-SKEW" Name="ECE3300Lab3_bus_skew_routed.rpt"/>
  <File Type="ROUTE-BUS-SKEW-PB" Name="ECE3300Lab3_bus_skew_routed.pb"/>
  <File Type="ROUTE-BUS-SKEW-RPX" Name="ECE3300Lab3_bus_skew_routed.rpx"/>
  <File Type="POSTROUTE-PHYSOPT-DCP" Name="ECE3300Lab3_postroute_physopt.dcp"/>
  <File Type="POSTROUTE-PHYSOPT-BLACKBOX-DCP" Name="ECE3300Lab3_postroute_physopt_bb.dcp"/>
  <File Type="POSTROUTE-PHYSOPT-TIMING" Name="ECE3300Lab3_timing_summary_postroute_physopted.rpt"/>
  <File Type="POSTROUTE-PHYSOPT-TIMING-PB" Name="ECE3300Lab3_timing_summary_postroute_physopted.pb"/>
  <File Type="POSTROUTE-PHYSOPT-TIMING-RPX" Name="ECE3300Lab3_timing_summary_postroute_physopted.rpx"/>
  <File Type="POSTROUTE-PHYSOPT-BUS-SKEW" Name="ECE3300Lab3_bus_skew_postroute_physopted.rpt"/>
  <File Type="POSTROUTE-PHYSOPT-BUS-SKEW-PB" Name="ECE3300Lab3_bus_skew_postroute_physopted.pb"/>
  <File Type="BG-BIT" Name="ECE3300Lab3.bit"/>
  <File Type="POSTROUTE-PHYSOPT-BUS-SKEW-RPX" Name="ECE3300Lab3_bus_skew_postroute_physopted.rpx"/>
  <File Type="BITSTR-RBT" Name="ECE3300Lab3.rbt"/>
  <File Type="BITSTR-NKY" Name="ECE3300Lab3.nky"/>
  <File Type="PDI-FILE" Name="ECE3300Lab3.pdi"/>
  <File Type="RCFI_FILE" Name="ECE3300Lab3.rcfi"/>
  <File Type="CFI_FILE" Name="ECE3300Lab3.cfi"/>
  <File Type="RNPI_FILE" Name="ECE3300Lab3.rnpi"/>
  <File Type="NPI_FILE" Name="ECE3300Lab3.npi"/>
  <File Type="RBD_FILE" Name="ECE3300Lab3.rbd"/>
  <File Type="BITSTR-LTX" Name="debug_nets.ltx"/>
  <File Type="BITSTR-LTX" Name="ECE3300Lab3.ltx"/>
  <File Type="BITSTR-SYSDEF" Name="ECE3300Lab3.sysdef"/>
  <File Type="BG-BGN" Name="ECE3300Lab3.bgn"/>
  <File Type="BG-DRC" Name="ECE3300Lab3.drc"/>
  <File Type="RDI-RDI" Name="ECE3300Lab3.vdi"/>
  <File Type="WBT-USG" Name="usage_statistics_webtalk.html"/>
  <FileSet Name="sources" Type="DesignSrcs" RelSrcDir="$PSRCDIR/sources_1">
    <Filter Type="Srcs"/>
    <File Path="$PSRCDIR/sources_1/new/AdderRegister.v">
      <FileInfo>
        <Attr Name="ImportPath" Val="$PPRDIR/../../Lab3/ECE3300Lab3.srcs/sources_1/new/AdderRegister.v"/>
        <Attr Name="ImportTime" Val="1625546776"/>
        <Attr Name="UsedIn" Val="synthesis"/>
        <Attr Name="UsedIn" Val="implementation"/>
        <Attr Name="UsedIn" Val="simulation"/>
      </FileInfo>
    </File>
    <File Path="$PSRCDIR/sources_1/new/Demux1x2.v">
      <FileInfo>
        <Attr Name="ImportPath" Val="$PPRDIR/../../Lab3/ECE3300Lab3.srcs/sources_1/new/Demux1x2.v"/>
        <Attr Name="ImportTime" Val="1625547579"/>
        <Attr Name="UsedIn" Val="synthesis"/>
        <Attr Name="UsedIn" Val="implementation"/>
        <Attr Name="UsedIn" Val="simulation"/>
      </FileInfo>
    </File>
    <File Path="$PSRCDIR/sources_1/new/FullAdder1b.v">
      <FileInfo>
        <Attr Name="ImportPath" Val="$PPRDIR/../../Lab3/ECE3300Lab3.srcs/sources_1/new/FullAdder1b.v"/>
        <Attr Name="ImportTime" Val="1625549113"/>
        <Attr Name="UsedIn" Val="synthesis"/>
        <Attr Name="UsedIn" Val="implementation"/>
        <Attr Name="UsedIn" Val="simulation"/>
      </FileInfo>
    </File>
    <File Path="$PSRCDIR/sources_1/new/FullAdderNbit.v">
      <FileInfo>
        <Attr Name="ImportPath" Val="$PPRDIR/../../Lab3/ECE3300Lab3.srcs/sources_1/new/FullAdderNbit.v"/>
        <Attr Name="ImportTime" Val="1625546860"/>
        <Attr Name="UsedIn" Val="synthesis"/>
        <Attr Name="UsedIn" Val="implementation"/>
        <Attr Name="UsedIn" Val="simulation"/>
      </FileInfo>
    </File>
    <File Path="$PSRCDIR/sources_1/new/ECE3300Lab3.v">
      <FileInfo>
        <Attr Name="ImportPath" Val="$PPRDIR/../../Lab3/ECE3300Lab3.srcs/sources_1/new/ECE3300Lab3.v"/>
        <Attr Name="ImportTime" Val="1625548938"/>
        <Attr Name="UsedIn" Val="synthesis"/>
        <Attr Name="UsedIn" Val="implementation"/>
        <Attr Name="UsedIn" Val="simulation"/>
      </FileInfo>
    </File>
    <Config>
      <Option Name="DesignMode" Val="RTL"/>
      <Option Name="TopModule" Val="ECE3300Lab3"/>
    </Config>
  </FileSet>
  <FileSet Name="constrs_in" Type="Constrs" RelSrcDir="$PSRCDIR/constrs_1">
    <Filter Type="Constrs"/>
    <File Path="$PSRCDIR/constrs_1/new/nexysa7.xdc">
      <FileInfo>
        <Attr Name="ImportPath" Val="$PPRDIR/../../Lab3/ECE3300Lab3.srcs/constrs_1/new/nexysa7.xdc"/>
        <Attr Name="ImportTime" Val="1625539627"/>
        <Attr Name="UsedIn" Val="synthesis"/>
        <Attr Name="UsedIn" Val="implementation"/>
      </FileInfo>
    </File>
    <Config>
      <Option Name="ConstrsType" Val="XDC"/>
    </Config>
  </FileSet>
  <FileSet Name="utils" Type="Utils" RelSrcDir="$PSRCDIR/utils_1">
    <Filter Type="Utils"/>
    <Config>
      <Option Name="TopAutoSet" Val="TRUE"/>
    </Config>
  </FileSet>
  <Strategy Version="1" Minor="2">
    <StratHandle Name="Vivado Implementation Defaults" Flow="Vivado Implementation 2019"/>
    <Step Id="init_design"/>
    <Step Id="opt_design"/>
    <Step Id="power_opt_design"/>
    <Step Id="place_design"/>
    <Step Id="post_place_power_opt_design"/>
    <Step Id="phys_opt_design"/>
    <Step Id="route_design"/>
    <Step Id="post_route_phys_opt_design"/>
    <Step Id="write_bitstream"/>
  </Strategy>
</GenRun>
