<?xml version="1.0" encoding="UTF-8"?>
<GenRun Id="synth_1" LaunchPart="xc7a100tcsg324-1" LaunchTime="1626137234">
  <File Type="PA-TCL" Name="ECE3300Lab04.tcl"/>
  <File Type="RDS-PROPCONSTRS" Name="ECE3300Lab04_drc_synth.rpt"/>
  <File Type="REPORTS-TCL" Name="ECE3300Lab04_reports.tcl"/>
  <File Type="RDS-RDS" Name="ECE3300Lab04.vds"/>
  <File Type="RDS-UTIL" Name="ECE3300Lab04_utilization_synth.rpt"/>
  <File Type="RDS-UTIL-PB" Name="ECE3300Lab04_utilization_synth.pb"/>
  <File Type="RDS-DCP" Name="ECE3300Lab04.dcp"/>
  <File Type="VDS-TIMINGSUMMARY" Name="ECE3300Lab04_timing_summary_synth.rpt"/>
  <File Type="VDS-TIMING-PB" Name="ECE3300Lab04_timing_summary_synth.pb"/>
  <FileSet Name="sources" Type="DesignSrcs" RelSrcDir="$PSRCDIR/sources_1">
    <Filter Type="Srcs"/>
    <File Path="$PSRCDIR/sources_1/new/ECE3300Lab04.v">
      <FileInfo>
        <Attr Name="ImportPath" Val="$PPRDIR/../ECE3300_Lab4/ECE3300_Lab4.srcs/sources_1/new/ECE3300Lab04.v"/>
        <Attr Name="ImportTime" Val="1626138689"/>
        <Attr Name="UsedIn" Val="synthesis"/>
        <Attr Name="UsedIn" Val="implementation"/>
        <Attr Name="UsedIn" Val="simulation"/>
      </FileInfo>
    </File>
    <File Path="$PSRCDIR/sources_1/new/x7seg.v">
      <FileInfo>
        <Attr Name="AutoDisabled" Val="1"/>
        <Attr Name="ImportPath" Val="$PPRDIR/../ECE3300_Lab4/ECE3300_Lab4.srcs/sources_1/new/x7seg.v"/>
        <Attr Name="ImportTime" Val="1626130916"/>
        <Attr Name="UsedIn" Val="synthesis"/>
        <Attr Name="UsedIn" Val="implementation"/>
        <Attr Name="UsedIn" Val="simulation"/>
      </FileInfo>
    </File>
    <Config>
      <Option Name="DesignMode" Val="RTL"/>
      <Option Name="TopModule" Val="ECE3300Lab04"/>
    </Config>
  </FileSet>
  <FileSet Name="constrs_in" Type="Constrs" RelSrcDir="$PSRCDIR/constrs_1">
    <Filter Type="Constrs"/>
    <File Path="$PSRCDIR/constrs_1/new/x7seg.xdc">
      <FileInfo>
        <Attr Name="UserDisabled" Val="1"/>
        <Attr Name="ImportPath" Val="$PPRDIR/../ECE3300_Lab4/ECE3300_Lab4.srcs/constrs_1/new/x7seg.xdc"/>
        <Attr Name="ImportTime" Val="1626089653"/>
        <Attr Name="UsedIn" Val="synthesis"/>
        <Attr Name="UsedIn" Val="implementation"/>
      </FileInfo>
    </File>
    <File Path="$PSRCDIR/constrs_1/new/nexysa7.xdc">
      <FileInfo>
        <Attr Name="ImportPath" Val="$PPRDIR/../ECE3300_Lab4/ECE3300_Lab4.srcs/constrs_1/new/nexysa7.xdc"/>
        <Attr Name="ImportTime" Val="1626137108"/>
        <Attr Name="UsedIn" Val="synthesis"/>
        <Attr Name="UsedIn" Val="implementation"/>
      </FileInfo>
    </File>
    <Config>
      <Option Name="ConstrsType" Val="XDC"/>
    </Config>
  </FileSet>
  <FileSet Name="utils" Type="Utils" RelSrcDir="$PSRCDIR/utils_1">
    <Filter Type="Utils"/>
    <Config>
      <Option Name="TopAutoSet" Val="TRUE"/>
    </Config>
  </FileSet>
  <Strategy Version="1" Minor="2">
    <StratHandle Name="Vivado Synthesis Defaults" Flow="Vivado Synthesis 2019">
      <Desc>Vivado Synthesis Defaults</Desc>
    </StratHandle>
    <Step Id="synth_design"/>
  </Strategy>
</GenRun>
