<?xml version="1.0" encoding="UTF-8"?>
<GenRun Id="synth_1" LaunchPart="xc7a100tcsg324-1" LaunchTime="1624336233">
  <File Type="PA-TCL" Name="mux21_top.tcl"/>
  <File Type="RDS-PROPCONSTRS" Name="mux21_top_drc_synth.rpt"/>
  <File Type="REPORTS-TCL" Name="mux21_top_reports.tcl"/>
  <File Type="RDS-RDS" Name="mux21_top.vds"/>
  <File Type="RDS-UTIL" Name="mux21_top_utilization_synth.rpt"/>
  <File Type="RDS-UTIL-PB" Name="mux21_top_utilization_synth.pb"/>
  <File Type="RDS-DCP" Name="mux21_top.dcp"/>
  <File Type="VDS-TIMINGSUMMARY" Name="mux21_top_timing_summary_synth.rpt"/>
  <File Type="VDS-TIMING-PB" Name="mux21_top_timing_summary_synth.pb"/>
  <FileSet Name="sources" Type="DesignSrcs" RelSrcDir="$PSRCDIR/sources_1">
    <Filter Type="Srcs"/>
    <File Path="$PSRCDIR/sources_1/new/mux_21.v">
      <FileInfo>
        <Attr Name="ImportPath" Val="$PPRDIR/../ECE3300_21_21_Lab1/ECE3300_21_21_Lab1.srcs/sources_1/new/mux_21.v"/>
        <Attr Name="ImportTime" Val="1624318788"/>
        <Attr Name="UsedIn" Val="synthesis"/>
        <Attr Name="UsedIn" Val="implementation"/>
        <Attr Name="UsedIn" Val="simulation"/>
      </FileInfo>
    </File>
    <File Path="$PSRCDIR/sources_1/new/mux21_top.v">
      <FileInfo>
        <Attr Name="ImportPath" Val="$PPRDIR/../project_2/project_2.srcs/sources_1/new/mux21_top.v"/>
        <Attr Name="ImportTime" Val="1624333264"/>
        <Attr Name="UsedIn" Val="synthesis"/>
        <Attr Name="UsedIn" Val="implementation"/>
        <Attr Name="UsedIn" Val="simulation"/>
      </FileInfo>
    </File>
    <File Path="$PSRCDIR/sources_1/new/or_gate.v">
      <FileInfo>
        <Attr Name="UserDisabled" Val="1"/>
        <Attr Name="ImportPath" Val="$PPRDIR/../ECE3300_21_21_Lab1/ECE3300_21_21_Lab1.srcs/sources_1/new/or_gate.v"/>
        <Attr Name="ImportTime" Val="1624270661"/>
        <Attr Name="UsedIn" Val="synthesis"/>
        <Attr Name="UsedIn" Val="implementation"/>
        <Attr Name="UsedIn" Val="simulation"/>
      </FileInfo>
    </File>
    <File Path="$PSRCDIR/sources_1/new/and_gate.v">
      <FileInfo>
        <Attr Name="UserDisabled" Val="1"/>
        <Attr Name="ImportPath" Val="$PPRDIR/../ECE3300_21_21_Lab1/ECE3300_21_21_Lab1.srcs/sources_1/new/and_gate.v"/>
        <Attr Name="ImportTime" Val="1624273410"/>
        <Attr Name="UsedIn" Val="synthesis"/>
        <Attr Name="UsedIn" Val="implementation"/>
        <Attr Name="UsedIn" Val="simulation"/>
      </FileInfo>
    </File>
    <File Path="$PSRCDIR/sources_1/new/and_gate2.v">
      <FileInfo>
        <Attr Name="UserDisabled" Val="1"/>
        <Attr Name="ImportPath" Val="$PPRDIR/../ECE3300_21_21_Lab1/ECE3300_21_21_Lab1.srcs/sources_1/new/and_gate2.v"/>
        <Attr Name="ImportTime" Val="1624301379"/>
        <Attr Name="UsedIn" Val="synthesis"/>
        <Attr Name="UsedIn" Val="implementation"/>
        <Attr Name="UsedIn" Val="simulation"/>
      </FileInfo>
    </File>
    <File Path="$PSRCDIR/sources_1/new/Not_gate.v">
      <FileInfo>
        <Attr Name="UserDisabled" Val="1"/>
        <Attr Name="ImportPath" Val="$PPRDIR/../ECE3300_21_21_Lab1/ECE3300_21_21_Lab1.srcs/sources_1/new/Not_gate.v"/>
        <Attr Name="ImportTime" Val="1624270810"/>
        <Attr Name="UsedIn" Val="synthesis"/>
        <Attr Name="UsedIn" Val="implementation"/>
        <Attr Name="UsedIn" Val="simulation"/>
      </FileInfo>
    </File>
    <Config>
      <Option Name="DesignMode" Val="RTL"/>
      <Option Name="TopModule" Val="mux21_top"/>
      <Option Name="TopAutoSet" Val="TRUE"/>
    </Config>
  </FileSet>
  <FileSet Name="constrs_in" Type="Constrs" RelSrcDir="$PSRCDIR/constrs_1">
    <Filter Type="Constrs"/>
    <File Path="$PSRCDIR/constrs_1/new/multiplexer_xdc.xdc">
      <FileInfo>
        <Attr Name="ImportPath" Val="$PPRDIR/../ECE3300_21_21_Lab1/ECE3300_21_21_Lab1.srcs/constrs_1/new/multiplexer_xdc.xdc"/>
        <Attr Name="ImportTime" Val="1624314605"/>
        <Attr Name="UsedIn" Val="synthesis"/>
        <Attr Name="UsedIn" Val="implementation"/>
      </FileInfo>
    </File>
    <Config>
      <Option Name="TargetConstrsFile" Val="$PSRCDIR/constrs_1/new/multiplexer_xdc.xdc"/>
      <Option Name="ConstrsType" Val="XDC"/>
    </Config>
  </FileSet>
  <FileSet Name="utils" Type="Utils" RelSrcDir="$PSRCDIR/utils_1">
    <Filter Type="Utils"/>
    <Config>
      <Option Name="TopAutoSet" Val="TRUE"/>
    </Config>
  </FileSet>
  <Strategy Version="1" Minor="2">
    <StratHandle Name="Vivado Synthesis Defaults" Flow="Vivado Synthesis 2019"/>
    <Step Id="synth_design"/>
  </Strategy>
</GenRun>
