<?xml version="1.0" encoding="UTF-8"?>
<GenRun Id="impl_1" LaunchPart="xc7a100tcsg324-1" LaunchTime="1626137234">
  <File Type="BITSTR-BMM" Name="ECE3300Lab04_bd.bmm"/>
  <File Type="OPT-METHODOLOGY-DRC" Name="ECE3300Lab04_methodology_drc_opted.rpt"/>
  <File Type="INIT-TIMING" Name="ECE3300Lab04_timing_summary_init.rpt"/>
  <File Type="ROUTE-PWR" Name="ECE3300Lab04_power_routed.rpt"/>
  <File Type="PA-TCL" Name="ECE3300Lab04.tcl"/>
  <File Type="OPT-TIMING" Name="ECE3300Lab04_timing_summary_opted.rpt"/>
  <File Type="OPT-DCP" Name="ECE3300Lab04_opt.dcp"/>
  <File Type="ROUTE-PWR-SUM" Name="ECE3300Lab04_power_summary_routed.pb"/>
  <File Type="REPORTS-TCL" Name="ECE3300Lab04_reports.tcl"/>
  <File Type="OPT-DRC" Name="ECE3300Lab04_drc_opted.rpt"/>
  <File Type="OPT-HWDEF" Name="ECE3300Lab04.hwdef"/>
  <File Type="PWROPT-DCP" Name="ECE3300Lab04_pwropt.dcp"/>
  <File Type="PWROPT-DRC" Name="ECE3300Lab04_drc_pwropted.rpt"/>
  <File Type="PWROPT-TIMING" Name="ECE3300Lab04_timing_summary_pwropted.rpt"/>
  <File Type="PLACE-DCP" Name="ECE3300Lab04_placed.dcp"/>
  <File Type="PLACE-IO" Name="ECE3300Lab04_io_placed.rpt"/>
  <File Type="PLACE-CLK" Name="ECE3300Lab04_clock_utilization_placed.rpt"/>
  <File Type="PLACE-UTIL" Name="ECE3300Lab04_utilization_placed.rpt"/>
  <File Type="PLACE-UTIL-PB" Name="ECE3300Lab04_utilization_placed.pb"/>
  <File Type="PLACE-CTRL" Name="ECE3300Lab04_control_sets_placed.rpt"/>
  <File Type="PLACE-SIMILARITY" Name="ECE3300Lab04_incremental_reuse_placed.rpt"/>
  <File Type="PLACE-PRE-SIMILARITY" Name="ECE3300Lab04_incremental_reuse_pre_placed.rpt"/>
  <File Type="PLACE-TIMING" Name="ECE3300Lab04_timing_summary_placed.rpt"/>
  <File Type="POSTPLACE-PWROPT-DCP" Name="ECE3300Lab04_postplace_pwropt.dcp"/>
  <File Type="BG-BIN" Name="ECE3300Lab04.bin"/>
  <File Type="POSTPLACE-PWROPT-TIMING" Name="ECE3300Lab04_timing_summary_postplace_pwropted.rpt"/>
  <File Type="PHYSOPT-DCP" Name="ECE3300Lab04_physopt.dcp"/>
  <File Type="PHYSOPT-DRC" Name="ECE3300Lab04_drc_physopted.rpt"/>
  <File Type="BITSTR-MSK" Name="ECE3300Lab04.msk"/>
  <File Type="PHYSOPT-TIMING" Name="ECE3300Lab04_timing_summary_physopted.rpt"/>
  <File Type="ROUTE-ERROR-DCP" Name="ECE3300Lab04_routed_error.dcp"/>
  <File Type="ROUTE-DCP" Name="ECE3300Lab04_routed.dcp"/>
  <File Type="ROUTE-BLACKBOX-DCP" Name="ECE3300Lab04_routed_bb.dcp"/>
  <File Type="ROUTE-DRC" Name="ECE3300Lab04_drc_routed.rpt"/>
  <File Type="ROUTE-DRC-PB" Name="ECE3300Lab04_drc_routed.pb"/>
  <File Type="ROUTE-DRC-RPX" Name="ECE3300Lab04_drc_routed.rpx"/>
  <File Type="BITSTR-MMI" Name="ECE3300Lab04.mmi"/>
  <File Type="ROUTE-METHODOLOGY-DRC" Name="ECE3300Lab04_methodology_drc_routed.rpt"/>
  <File Type="ROUTE-METHODOLOGY-DRC-RPX" Name="ECE3300Lab04_methodology_drc_routed.rpx"/>
  <File Type="ROUTE-METHODOLOGY-DRC-PB" Name="ECE3300Lab04_methodology_drc_routed.pb"/>
  <File Type="ROUTE-PWR-RPX" Name="ECE3300Lab04_power_routed.rpx"/>
  <File Type="ROUTE-STATUS" Name="ECE3300Lab04_route_status.rpt"/>
  <File Type="ROUTE-STATUS-PB" Name="ECE3300Lab04_route_status.pb"/>
  <File Type="ROUTE-TIMINGSUMMARY" Name="ECE3300Lab04_timing_summary_routed.rpt"/>
  <File Type="ROUTE-TIMING-PB" Name="ECE3300Lab04_timing_summary_routed.pb"/>
  <File Type="ROUTE-TIMING-RPX" Name="ECE3300Lab04_timing_summary_routed.rpx"/>
  <File Type="ROUTE-SIMILARITY" Name="ECE3300Lab04_incremental_reuse_routed.rpt"/>
  <File Type="ROUTE-CLK" Name="ECE3300Lab04_clock_utilization_routed.rpt"/>
  <File Type="ROUTE-BUS-SKEW" Name="ECE3300Lab04_bus_skew_routed.rpt"/>
  <File Type="ROUTE-BUS-SKEW-PB" Name="ECE3300Lab04_bus_skew_routed.pb"/>
  <File Type="ROUTE-BUS-SKEW-RPX" Name="ECE3300Lab04_bus_skew_routed.rpx"/>
  <File Type="POSTROUTE-PHYSOPT-DCP" Name="ECE3300Lab04_postroute_physopt.dcp"/>
  <File Type="POSTROUTE-PHYSOPT-BLACKBOX-DCP" Name="ECE3300Lab04_postroute_physopt_bb.dcp"/>
  <File Type="POSTROUTE-PHYSOPT-TIMING" Name="ECE3300Lab04_timing_summary_postroute_physopted.rpt"/>
  <File Type="POSTROUTE-PHYSOPT-TIMING-PB" Name="ECE3300Lab04_timing_summary_postroute_physopted.pb"/>
  <File Type="POSTROUTE-PHYSOPT-TIMING-RPX" Name="ECE3300Lab04_timing_summary_postroute_physopted.rpx"/>
  <File Type="POSTROUTE-PHYSOPT-BUS-SKEW" Name="ECE3300Lab04_bus_skew_postroute_physopted.rpt"/>
  <File Type="POSTROUTE-PHYSOPT-BUS-SKEW-PB" Name="ECE3300Lab04_bus_skew_postroute_physopted.pb"/>
  <File Type="BG-BIT" Name="ECE3300Lab04.bit"/>
  <File Type="POSTROUTE-PHYSOPT-BUS-SKEW-RPX" Name="ECE3300Lab04_bus_skew_postroute_physopted.rpx"/>
  <File Type="BITSTR-RBT" Name="ECE3300Lab04.rbt"/>
  <File Type="BITSTR-NKY" Name="ECE3300Lab04.nky"/>
  <File Type="PDI-FILE" Name="ECE3300Lab04.pdi"/>
  <File Type="RCFI_FILE" Name="ECE3300Lab04.rcfi"/>
  <File Type="CFI_FILE" Name="ECE3300Lab04.cfi"/>
  <File Type="RNPI_FILE" Name="ECE3300Lab04.rnpi"/>
  <File Type="NPI_FILE" Name="ECE3300Lab04.npi"/>
  <File Type="RBD_FILE" Name="ECE3300Lab04.rbd"/>
  <File Type="BITSTR-LTX" Name="debug_nets.ltx"/>
  <File Type="BITSTR-LTX" Name="ECE3300Lab04.ltx"/>
  <File Type="BITSTR-SYSDEF" Name="ECE3300Lab04.sysdef"/>
  <File Type="BG-BGN" Name="ECE3300Lab04.bgn"/>
  <File Type="BG-DRC" Name="ECE3300Lab04.drc"/>
  <File Type="RDI-RDI" Name="ECE3300Lab04.vdi"/>
  <File Type="WBT-USG" Name="usage_statistics_webtalk.html"/>
  <FileSet Name="sources" Type="DesignSrcs" RelSrcDir="$PSRCDIR/sources_1">
    <Filter Type="Srcs"/>
    <File Path="$PSRCDIR/sources_1/new/ECE3300Lab04.v">
      <FileInfo>
        <Attr Name="ImportPath" Val="$PPRDIR/../ECE3300_Lab4/ECE3300_Lab4.srcs/sources_1/new/ECE3300Lab04.v"/>
        <Attr Name="ImportTime" Val="1626138689"/>
        <Attr Name="UsedIn" Val="synthesis"/>
        <Attr Name="UsedIn" Val="implementation"/>
        <Attr Name="UsedIn" Val="simulation"/>
      </FileInfo>
    </File>
    <File Path="$PSRCDIR/sources_1/new/x7seg.v">
      <FileInfo>
        <Attr Name="AutoDisabled" Val="1"/>
        <Attr Name="ImportPath" Val="$PPRDIR/../ECE3300_Lab4/ECE3300_Lab4.srcs/sources_1/new/x7seg.v"/>
        <Attr Name="ImportTime" Val="1626130916"/>
        <Attr Name="UsedIn" Val="synthesis"/>
        <Attr Name="UsedIn" Val="implementation"/>
        <Attr Name="UsedIn" Val="simulation"/>
      </FileInfo>
    </File>
    <Config>
      <Option Name="DesignMode" Val="RTL"/>
      <Option Name="TopModule" Val="ECE3300Lab04"/>
    </Config>
  </FileSet>
  <FileSet Name="constrs_in" Type="Constrs" RelSrcDir="$PSRCDIR/constrs_1">
    <Filter Type="Constrs"/>
    <File Path="$PSRCDIR/constrs_1/new/x7seg.xdc">
      <FileInfo>
        <Attr Name="UserDisabled" Val="1"/>
        <Attr Name="ImportPath" Val="$PPRDIR/../ECE3300_Lab4/ECE3300_Lab4.srcs/constrs_1/new/x7seg.xdc"/>
        <Attr Name="ImportTime" Val="1626089653"/>
        <Attr Name="UsedIn" Val="synthesis"/>
        <Attr Name="UsedIn" Val="implementation"/>
      </FileInfo>
    </File>
    <File Path="$PSRCDIR/constrs_1/new/nexysa7.xdc">
      <FileInfo>
        <Attr Name="ImportPath" Val="$PPRDIR/../ECE3300_Lab4/ECE3300_Lab4.srcs/constrs_1/new/nexysa7.xdc"/>
        <Attr Name="ImportTime" Val="1626137108"/>
        <Attr Name="UsedIn" Val="synthesis"/>
        <Attr Name="UsedIn" Val="implementation"/>
      </FileInfo>
    </File>
    <Config>
      <Option Name="ConstrsType" Val="XDC"/>
    </Config>
  </FileSet>
  <FileSet Name="utils" Type="Utils" RelSrcDir="$PSRCDIR/utils_1">
    <Filter Type="Utils"/>
    <Config>
      <Option Name="TopAutoSet" Val="TRUE"/>
    </Config>
  </FileSet>
  <Strategy Version="1" Minor="2">
    <StratHandle Name="Vivado Implementation Defaults" Flow="Vivado Implementation 2019">
      <Desc>Default settings for Implementation.</Desc>
    </StratHandle>
    <Step Id="init_design"/>
    <Step Id="opt_design"/>
    <Step Id="power_opt_design"/>
    <Step Id="place_design"/>
    <Step Id="post_place_power_opt_design"/>
    <Step Id="phys_opt_design" EnableStepBool="1"/>
    <Step Id="route_design"/>
    <Step Id="post_route_phys_opt_design"/>
    <Step Id="write_bitstream"/>
  </Strategy>
</GenRun>
